/*
 Navicat Premium Data Transfer

 Source Server         : halfwall
 Source Server Type    : Oracle
 Source Server Version : 190000
 Source Host           : localhost:1521
 Source Schema         : HALFWALL

 Target Server Type    : Oracle
 Target Server Version : 190000
 File Encoding         : 65001

 Date: 08/08/2022 19:29:47
*/


-- ----------------------------
-- Table structure for FOLLOWS
-- ----------------------------
DROP TABLE "HALFWALL"."FOLLOWS";
CREATE TABLE "HALFWALL"."FOLLOWS" (
  "FOLLOWER_ID" NUMBER VISIBLE NOT NULL,
  "FOLLOWEE_ID" NUMBER VISIBLE NOT NULL,
  "TIMESTAMP" TIMESTAMP(6) VISIBLE
)
LOGGING
NOCOMPRESS
PCTFREE 10
INITRANS 1
STORAGE (
  INITIAL 65536 
  NEXT 1048576 
  MINEXTENTS 1
  MAXEXTENTS 2147483645
  FREELISTS 1
  FREELIST GROUPS 1
  BUFFER_POOL DEFAULT
)
PARALLEL 1
NOCACHE
DISABLE ROW MOVEMENT
;

-- ----------------------------
-- Records of FOLLOWS
-- ----------------------------
INSERT INTO "HALFWALL"."FOLLOWS" VALUES ('2', '3', NULL);
INSERT INTO "HALFWALL"."FOLLOWS" VALUES ('4', '2', NULL);

-- ----------------------------
-- Table structure for FOLLOW_REQUESTS
-- ----------------------------
DROP TABLE "HALFWALL"."FOLLOW_REQUESTS";
CREATE TABLE "HALFWALL"."FOLLOW_REQUESTS" (
  "FOLLOWER_ID" NUMBER VISIBLE NOT NULL,
  "FOLLOWEE_ID" NUMBER VISIBLE NOT NULL,
  "TIMESTAMP" TIMESTAMP(6) VISIBLE
)
LOGGING
NOCOMPRESS
PCTFREE 10
INITRANS 1
STORAGE (
  INITIAL 65536 
  NEXT 1048576 
  MINEXTENTS 1
  MAXEXTENTS 2147483645
  FREELISTS 1
  FREELIST GROUPS 1
  BUFFER_POOL DEFAULT
)
PARALLEL 1
NOCACHE
DISABLE ROW MOVEMENT
;

-- ----------------------------
-- Records of FOLLOW_REQUESTS
-- ----------------------------
INSERT INTO "HALFWALL"."FOLLOW_REQUESTS" VALUES ('1', '3', TO_TIMESTAMP('2022-08-08 18:45:53.654000', 'SYYYY-MM-DD HH24:MI:SS:FF6'));
INSERT INTO "HALFWALL"."FOLLOW_REQUESTS" VALUES ('1', '2', TO_TIMESTAMP('2022-07-29 19:17:36.663000', 'SYYYY-MM-DD HH24:MI:SS:FF6'));
INSERT INTO "HALFWALL"."FOLLOW_REQUESTS" VALUES ('4', '3', TO_TIMESTAMP('2022-08-08 18:37:15.664000', 'SYYYY-MM-DD HH24:MI:SS:FF6'));

-- ----------------------------
-- Table structure for GROUPS
-- ----------------------------
DROP TABLE "HALFWALL"."GROUPS";
CREATE TABLE "HALFWALL"."GROUPS" (
  "GROUP_ID" NUMBER VISIBLE NOT NULL,
  "GROUP_NAME" VARCHAR2(255 BYTE) VISIBLE NOT NULL,
  "GROUP_PRIVACY" VARCHAR2(20 BYTE) VISIBLE,
  "GROUP_DESCRIPTION" VARCHAR2(511 BYTE) VISIBLE,
  "COVER_PHOTO" VARCHAR2(255 BYTE) VISIBLE,
  "TIME_OF_CREATION" TIMESTAMP(6) VISIBLE
)
LOGGING
NOCOMPRESS
PCTFREE 10
INITRANS 1
STORAGE (
  INITIAL 65536 
  NEXT 1048576 
  MINEXTENTS 1
  MAXEXTENTS 2147483645
  FREELISTS 1
  FREELIST GROUPS 1
  BUFFER_POOL DEFAULT
)
PARALLEL 1
NOCACHE
DISABLE ROW MOVEMENT
;

-- ----------------------------
-- Records of GROUPS
-- ----------------------------
INSERT INTO "HALFWALL"."GROUPS" VALUES ('1', 'PERSONAL_PUBLIC', 'SPECIAL', NULL, NULL, NULL);
INSERT INTO "HALFWALL"."GROUPS" VALUES ('2', 'PERSONAL_PRIVATE', 'SPECIAL', NULL, NULL, NULL);
INSERT INTO "HALFWALL"."GROUPS" VALUES ('100', 'new_group_1', 'public', 'new_group_1_description', 'abcd', TO_TIMESTAMP('2022-08-08 01:20:25.749000', 'SYYYY-MM-DD HH24:MI:SS:FF6'));
INSERT INTO "HALFWALL"."GROUPS" VALUES ('101', 'new_group_2', 'public', 'new_group_2_description', NULL, TO_TIMESTAMP('2022-08-08 01:20:48.752000', 'SYYYY-MM-DD HH24:MI:SS:FF6'));

-- ----------------------------
-- Table structure for GROUP_ADMINS
-- ----------------------------
DROP TABLE "HALFWALL"."GROUP_ADMINS";
CREATE TABLE "HALFWALL"."GROUP_ADMINS" (
  "GROUP_ID" NUMBER VISIBLE NOT NULL,
  "USER_ID" NUMBER VISIBLE NOT NULL,
  "TIMESTAMP" TIMESTAMP(6) VISIBLE
)
LOGGING
NOCOMPRESS
PCTFREE 10
INITRANS 1
STORAGE (
  INITIAL 65536 
  NEXT 1048576 
  MINEXTENTS 1
  MAXEXTENTS 2147483645
  FREELISTS 1
  FREELIST GROUPS 1
  BUFFER_POOL DEFAULT
)
PARALLEL 1
NOCACHE
DISABLE ROW MOVEMENT
;

-- ----------------------------
-- Records of GROUP_ADMINS
-- ----------------------------
INSERT INTO "HALFWALL"."GROUP_ADMINS" VALUES ('100', '1', TO_TIMESTAMP('2022-08-08 01:20:25.798000', 'SYYYY-MM-DD HH24:MI:SS:FF6'));
INSERT INTO "HALFWALL"."GROUP_ADMINS" VALUES ('101', '1', TO_TIMESTAMP('2022-08-08 01:20:48.753000', 'SYYYY-MM-DD HH24:MI:SS:FF6'));

-- ----------------------------
-- Table structure for GROUP_MEMBERS
-- ----------------------------
DROP TABLE "HALFWALL"."GROUP_MEMBERS";
CREATE TABLE "HALFWALL"."GROUP_MEMBERS" (
  "GROUP_ID" NUMBER VISIBLE NOT NULL,
  "USER_ID" NUMBER VISIBLE NOT NULL,
  "TIMESTAMP" TIMESTAMP(6) VISIBLE
)
LOGGING
NOCOMPRESS
PCTFREE 10
INITRANS 1
STORAGE (
  INITIAL 65536 
  NEXT 1048576 
  MINEXTENTS 1
  MAXEXTENTS 2147483645
  FREELISTS 1
  FREELIST GROUPS 1
  BUFFER_POOL DEFAULT
)
PARALLEL 1
NOCACHE
DISABLE ROW MOVEMENT
;

-- ----------------------------
-- Records of GROUP_MEMBERS
-- ----------------------------
INSERT INTO "HALFWALL"."GROUP_MEMBERS" VALUES ('100', '1', TO_TIMESTAMP('2022-08-08 01:20:25.821000', 'SYYYY-MM-DD HH24:MI:SS:FF6'));
INSERT INTO "HALFWALL"."GROUP_MEMBERS" VALUES ('101', '1', TO_TIMESTAMP('2022-08-08 01:20:48.753000', 'SYYYY-MM-DD HH24:MI:SS:FF6'));

-- ----------------------------
-- Table structure for GROUP_PENDING
-- ----------------------------
DROP TABLE "HALFWALL"."GROUP_PENDING";
CREATE TABLE "HALFWALL"."GROUP_PENDING" (
  "GROUP_ID" NUMBER VISIBLE NOT NULL,
  "USER_ID" NUMBER VISIBLE NOT NULL,
  "TIMESTAMP" TIMESTAMP(6) VISIBLE
)
LOGGING
NOCOMPRESS
PCTFREE 10
INITRANS 1
STORAGE (
  BUFFER_POOL DEFAULT
)
PARALLEL 1
NOCACHE
DISABLE ROW MOVEMENT
;

-- ----------------------------
-- Records of GROUP_PENDING
-- ----------------------------

-- ----------------------------
-- Table structure for LIKES
-- ----------------------------
DROP TABLE "HALFWALL"."LIKES";
CREATE TABLE "HALFWALL"."LIKES" (
  "USER_ID" NUMBER VISIBLE NOT NULL,
  "POST_ID" NUMBER VISIBLE NOT NULL,
  "TIMESTAMP" TIMESTAMP(6) VISIBLE
)
LOGGING
NOCOMPRESS
PCTFREE 10
INITRANS 1
STORAGE (
  INITIAL 65536 
  NEXT 1048576 
  MINEXTENTS 1
  MAXEXTENTS 2147483645
  FREELISTS 1
  FREELIST GROUPS 1
  BUFFER_POOL DEFAULT
)
PARALLEL 1
NOCACHE
DISABLE ROW MOVEMENT
;

-- ----------------------------
-- Records of LIKES
-- ----------------------------
INSERT INTO "HALFWALL"."LIKES" VALUES ('4', '3', TO_TIMESTAMP('2022-08-04 02:11:17.413000', 'SYYYY-MM-DD HH24:MI:SS:FF6'));
INSERT INTO "HALFWALL"."LIKES" VALUES ('1', '9', TO_TIMESTAMP('2022-07-23 05:04:33.283000', 'SYYYY-MM-DD HH24:MI:SS:FF6'));
INSERT INTO "HALFWALL"."LIKES" VALUES ('1', '3', TO_TIMESTAMP('2022-07-23 05:04:44.182000', 'SYYYY-MM-DD HH24:MI:SS:FF6'));
INSERT INTO "HALFWALL"."LIKES" VALUES ('4', '1', TO_TIMESTAMP('2022-07-30 15:49:35.371000', 'SYYYY-MM-DD HH24:MI:SS:FF6'));
INSERT INTO "HALFWALL"."LIKES" VALUES ('4', '9', TO_TIMESTAMP('2022-08-08 19:02:22.975000', 'SYYYY-MM-DD HH24:MI:SS:FF6'));
INSERT INTO "HALFWALL"."LIKES" VALUES ('1', '6', TO_TIMESTAMP('2022-08-04 01:20:20.422000', 'SYYYY-MM-DD HH24:MI:SS:FF6'));

-- ----------------------------
-- Table structure for POSTS
-- ----------------------------
DROP TABLE "HALFWALL"."POSTS";
CREATE TABLE "HALFWALL"."POSTS" (
  "POST_ID" NUMBER VISIBLE NOT NULL,
  "USER_ID" NUMBER VISIBLE NOT NULL,
  "GROUP_ID" NUMBER VISIBLE,
  "TEXT" VARCHAR2(2000 BYTE) VISIBLE,
  "TIMESTAMP" TIMESTAMP(6) VISIBLE
)
LOGGING
NOCOMPRESS
PCTFREE 10
INITRANS 1
STORAGE (
  INITIAL 65536 
  NEXT 1048576 
  MINEXTENTS 1
  MAXEXTENTS 2147483645
  FREELISTS 1
  FREELIST GROUPS 1
  BUFFER_POOL DEFAULT
)
PARALLEL 1
NOCACHE
DISABLE ROW MOVEMENT
;

-- ----------------------------
-- Records of POSTS
-- ----------------------------
INSERT INTO "HALFWALL"."POSTS" VALUES ('1', '1', '1', 'Abir post 1', TO_TIMESTAMP('2022-06-26 01:02:26.000000', 'SYYYY-MM-DD HH24:MI:SS:FF6'));
INSERT INTO "HALFWALL"."POSTS" VALUES ('2', '1', '1', 'Abir post 2', TO_TIMESTAMP('2022-07-31 01:02:29.000000', 'SYYYY-MM-DD HH24:MI:SS:FF6'));
INSERT INTO "HALFWALL"."POSTS" VALUES ('3', '1', '2', 'Abir post 3', TO_TIMESTAMP('2022-07-18 01:02:32.000000', 'SYYYY-MM-DD HH24:MI:SS:FF6'));
INSERT INTO "HALFWALL"."POSTS" VALUES ('4', '2', '1', 'Sakib post public', TO_TIMESTAMP('2022-07-04 03:02:40.000000', 'SYYYY-MM-DD HH24:MI:SS:FF6'));
INSERT INTO "HALFWALL"."POSTS" VALUES ('5', '2', '2', 'sakib private', TO_TIMESTAMP('2022-07-17 01:02:45.000000', 'SYYYY-MM-DD HH24:MI:SS:FF6'));
INSERT INTO "HALFWALL"."POSTS" VALUES ('6', '3', '1', 'lara public', TO_TIMESTAMP('2022-07-03 01:02:49.000000', 'SYYYY-MM-DD HH24:MI:SS:FF6'));
INSERT INTO "HALFWALL"."POSTS" VALUES ('7', '3', '2', 'lara private', TO_TIMESTAMP('2022-08-01 01:03:23.000000', 'SYYYY-MM-DD HH24:MI:SS:FF6'));
INSERT INTO "HALFWALL"."POSTS" VALUES ('8', '4', '1', 'saad public', TO_TIMESTAMP('2022-08-04 01:03:26.000000', 'SYYYY-MM-DD HH24:MI:SS:FF6'));
INSERT INTO "HALFWALL"."POSTS" VALUES ('9', '4', '2', 'saad private', TO_TIMESTAMP('2022-08-01 01:03:29.000000', 'SYYYY-MM-DD HH24:MI:SS:FF6'));

-- ----------------------------
-- Table structure for USERS
-- ----------------------------
DROP TABLE "HALFWALL"."USERS";
CREATE TABLE "HALFWALL"."USERS" (
  "USER_ID" NUMBER VISIBLE NOT NULL,
  "STUDENT_ID" NUMBER VISIBLE NOT NULL,
  "NAME" VARCHAR2(255 BYTE) VISIBLE NOT NULL,
  "EMAIL" VARCHAR2(255 BYTE) VISIBLE NOT NULL,
  "PASSWORD" VARCHAR2(255 BYTE) VISIBLE NOT NULL,
  "DEPARTMENT" VARCHAR2(255 BYTE) VISIBLE,
  "DATE_OF_BIRTH" DATE VISIBLE,
  "HALL" VARCHAR2(255 BYTE) VISIBLE,
  "HALL_ATTACHMENT" CHAR(1 BYTE) VISIBLE,
  "BATCH" NUMBER VISIBLE,
  "PROFILE_PIC" VARCHAR2(255 BYTE) VISIBLE,
  "STREET" VARCHAR2(255 BYTE) VISIBLE,
  "CITY" VARCHAR2(255 BYTE) VISIBLE,
  "POSTCODE" NUMBER VISIBLE
)
LOGGING
NOCOMPRESS
PCTFREE 10
INITRANS 1
STORAGE (
  INITIAL 65536 
  NEXT 1048576 
  MINEXTENTS 1
  MAXEXTENTS 2147483645
  FREELISTS 1
  FREELIST GROUPS 1
  BUFFER_POOL DEFAULT
)
PARALLEL 1
NOCACHE
DISABLE ROW MOVEMENT
;

-- ----------------------------
-- Records of USERS
-- ----------------------------
INSERT INTO "HALFWALL"."USERS" VALUES ('1', '1905066', 'ABIR MUHTASIM', 'auntor505@gmail.com', '1234', 'CSE', NULL, 'SHUHRAWARDY', 'R', '2019', NULL, 'FARIDPUR GORSTAN MON', 'DINAJPUR', NULL);
INSERT INTO "HALFWALL"."USERS" VALUES ('2', '1905061', 'NAZMUS SAKIB', 'sakib@gmail.com', '1234', 'CSE', NULL, NULL, NULL, NULL, NULL, NULL, NULL, NULL);
INSERT INTO "HALFWALL"."USERS" VALUES ('3', '1905062', 'LARA KHAN', 'lara@yahoo.com', '1234', 'CSE', NULL, 'CHAATTRI', 'R', NULL, NULL, NULL, NULL, NULL);
INSERT INTO "HALFWALL"."USERS" VALUES ('4', '1905090', 'TANVIR SAAD', 'saad@gmail.com', '1234', 'CSE', NULL, 'SHUHRAWARDY', NULL, NULL, NULL, NULL, NULL, NULL);

-- ----------------------------
-- Function structure for CHECK_FOLLOWING
-- ----------------------------
CREATE OR REPLACE
FUNCTION "HALFWALL"."CHECK_FOLLOWING" AS
BEGIN
	FOLLOW_STATUS := 0;
	SELECT 1 INTO FOLLOW_STATUS
	FROM FOLLOWS
	WHERE FOLLOWEE_ID = Q_FOLLOWEE_ID AND FOLLOWER_ID = Q_FOLLOWER_ID;
	RETURN FOLLOW_STATUS;
END;
/

-- ----------------------------
-- Function structure for CREATE_GROUP
-- ----------------------------
CREATE OR REPLACE
PROCEDURE "HALFWALL"."CREATE_GROUP" AS
BEGIN
	NEW_GROUP_ID := GROUP_SEQ.NEXTVAL;
	INSERT INTO GROUPS
	VALUES (NEW_GROUP_ID, NEW_GROUP_NAME, NEW_GROUP_PRIVACY, NEW_DESCRIPTION, NEW_COVER_PHOTO, 		CURRENT_TIMESTAMP);
	
	INSERT INTO GROUP_ADMINS VALUES(NEW_GROUP_ID, NEW_ADMIN_ID, CURRENT_TIMESTAMP);
	INSERT INTO GROUP_MEMBERS VALUES(NEW_GROUP_ID, NEW_ADMIN_ID, CURRENT_TIMESTAMP);
	RESULT := 'success';

EXCEPTION
    WHEN OTHERS THEN
        RESULT := 'please enter the fields correctly';
END;
/

-- ----------------------------
-- Function structure for CREATE_USER
-- ----------------------------
CREATE OR REPLACE
PROCEDURE "HALFWALL"."CREATE_USER" AS
BEGIN
	NEW_USER_ID := USER_SEQ.NEXTVAL;
	INSERT INTO USERS
	VALUES  (NEW_USER_ID, NEW_STUDENT_ID, UPPER(NEW_NAME), LOWER(NEW_EMAIL), NEW_PASSWORD, UPPER(NEW_DEPARTMENT), NEW_DATE_OF_BIRTH, UPPER(NEW_HALL), UPPER(NEW_HALL_ATTACHMENT), NEW_BATCH, NEW_PROFILE_PIC, UPPER(NEW_STREET), UPPER(NEW_CITY), NEW_POSTCODE );

	RESULT := NEW_USER_ID;

	EXCEPTION
    WHEN DUP_VAL_ON_INDEX THEN
        RESULT := 'Student ID or email already exists';
    WHEN OTHERS THEN
        RESULT := 'Something went wrong';
END;
/

-- ----------------------------
-- Function structure for GET_USER_NAME
-- ----------------------------
CREATE OR REPLACE
FUNCTION "HALFWALL"."GET_USER_NAME" AS
BEGIN
	SELECT NAME INTO USER_NAME 
	FROM USERS
	WHERE USER_ID = Q_USER_ID; 
	RETURN USER_NAME;
END;
/

-- ----------------------------
-- Function structure for GET_USER_PROFILE_PIC
-- ----------------------------
CREATE OR REPLACE
FUNCTION "HALFWALL"."GET_USER_PROFILE_PIC" AS
BEGIN
	SELECT PROFILE_PIC INTO PFP FROM USERS WHERE USER_ID = Q_USER_ID;
	RETURN PFP;
END;
/

-- ----------------------------
-- Function structure for IS_GROUP_MEMBER
-- ----------------------------
CREATE OR REPLACE
FUNCTION "HALFWALL"."IS_GROUP_MEMBER" AS
BEGIN
	SELECT COUNT(*) INTO ROW_COUNT FROM GROUP_MEMBERS 
	WHERE GROUP_ID = Q_GROUP_ID AND USER_ID = Q_USER_ID;
	
	IF ROW_COUNT > 0 THEN
		RETURN 1;
	ELSE
		RETURN 0;
	END IF;
	RETURN 0;
END;
/

-- ----------------------------
-- Function structure for JOIN_GROUP_REQUEST
-- ----------------------------
CREATE OR REPLACE
PROCEDURE "HALFWALL"."JOIN_GROUP_REQUEST" AS
BEGIN
	
	IF IS_GROUP_MEMBER(Q_GROUP_ID, Q_USER_ID) = 1 THEN
		RESULT := 'ALREADY JOINED';
	ELSE
		INSERT INTO GROUP_PENDING(GROUP_ID, USER_ID, TIMESTAMP)
		VALUES(Q_GROUP_ID, Q_USER_ID, CURRENT_TIMESTAMP);
	END IF;

EXCEPTION
    WHEN OTHERS THEN
        RESULT := 'Something went wrong';
END;
/

-- ----------------------------
-- Function structure for LIKE_COUNT
-- ----------------------------
CREATE OR REPLACE
FUNCTION "HALFWALL"."LIKE_COUNT" AS
BEGIN
	SELECT COUNT(*) INTO NUMBER_OF_LIKES FROM LIKES
	WHERE POST_ID = Q_POST_ID;
	RETURN NUMBER_OF_LIKES;
END;
/

-- ----------------------------
-- Function structure for PROCESS_FOLLOW_REQUEST
-- ----------------------------
CREATE OR REPLACE
PROCEDURE "HALFWALL"."PROCESS_FOLLOW_REQUEST" AS
BEGIN
	SELECT COUNT(*) INTO CNT FROM FOLLOW_REQUESTS
	WHERE FOLLOWER_ID = Q_FOLLOWER_ID AND FOLLOWEE_ID = Q_FOLLOWEE_ID;
	
	IF CNT < 1 THEN
		RESULT := 'REQUEST ALREADY REMOVED';
		RETURN;
	END IF;
	
	DELETE FROM FOLLOW_REQUESTS
	WHERE FOLLOWER_ID = Q_FOLLOWER_ID AND FOLLOWEE_ID = Q_FOLLOWEE_ID;
	
	IF UPPER(ACTION) = 'ACCEPT' THEN
		INSERT INTO FOLLOWS(FOLLOWEE_ID, FOLLOWER_ID, TIMESTAMP)
		VALUES(Q_FOLLOWEE_ID, Q_FOLLOWER_ID, CURRENT_TIMESTAMP);
	END IF;
	
	RESULT := 'success';

EXCEPTION
   WHEN DUP_VAL_ON_INDEX THEN
       RESULT := 'already following';
   WHEN OTHERS THEN
       RESULT := 'Please fill up the fields correctly';
END;
/

-- ----------------------------
-- Function structure for PROCESS_PENDING_GROUP_MEMBER
-- ----------------------------
CREATE OR REPLACE
PROCEDURE "HALFWALL"."PROCESS_PENDING_GROUP_MEMBER" AS
BEGIN
	
	DELETE FROM GROUP_PENDING
	WHERE GROUP_ID = Q_GROUP_ID AND USER_ID = Q_USER_ID;
	
	IF UPPER(ACTION) = 'ACCEPT' THEN
		INSERT INTO GROUP_MEMBERS(GROUP_ID, USER_ID, TIMESTAMP)
		VALUES(Q_GROUP_ID, Q_USER_ID, CURRENT_TIMESTAMP);
	END IF;
	
	RESULT := 'SUCCESS';
	
	EXCEPTION
    WHEN DUP_VAL_ON_INDEX THEN
        RESULT := 'Group member already exists';
    WHEN OTHERS THEN
        RESULT := 'Please fill up the fields correctly';

END;
/

-- ----------------------------
-- Function structure for UPDATE_USER
-- ----------------------------
CREATE OR REPLACE
PROCEDURE "HALFWALL"."UPDATE_USER" AS
BEGIN
	    UPDATE USERS
      SET
				STUDENT_ID = NEW_STUDENT_ID,
        NAME = UPPER(NEW_NAME),
		    EMAIL = LOWER(NEW_EMAIL),
				PASSWORD = NEW_PASSWORD,
		    DATE_OF_BIRTH = TO_DATE(NEW_DATE_OF_BIRTH,'YYYY-MM-DD'),
         HALL = UPPER(NEW_HALL),
		    HALL_ATTACHMENT = UPPER(NEW_HALL_ATTACHMENT),
		    STREET = UPPER(NEW_STREET),
		    CITY = UPPER(NEW_CITY),
				POSTCODE = NEW_POSTCODE
                    
        WHERE USER_ID = NEW_USER_ID;
				
				RESULT := 'success';

	EXCEPTION
    WHEN DUP_VAL_ON_INDEX THEN
        RESULT := 'Student ID or email already exists';
    WHEN OTHERS THEN
        RESULT := 'Something went wrong';
END;
/

-- ----------------------------
-- Function structure for USER_LIKED_THIS_POST
-- ----------------------------
CREATE OR REPLACE
FUNCTION "HALFWALL"."USER_LIKED_THIS_POST" AS
BEGIN
	USER_LIKED := 0;
	SELECT 1 INTO USER_LIKED FROM LIKES WHERE POST_ID = Q_POST_ID AND USER_ID = Q_USER_ID;
	RETURN USER_LIKED;
END;
/

-- ----------------------------
-- Sequence structure for GROUP_SEQ
-- ----------------------------
DROP SEQUENCE "HALFWALL"."GROUP_SEQ";
CREATE SEQUENCE "HALFWALL"."GROUP_SEQ" MINVALUE 1 MAXVALUE 9999999999999999999999999999 INCREMENT BY 1 CACHE 20;

-- ----------------------------
-- Sequence structure for USER_SEQ
-- ----------------------------
DROP SEQUENCE "HALFWALL"."USER_SEQ";
CREATE SEQUENCE "HALFWALL"."USER_SEQ" MINVALUE 5 MAXVALUE 9999999999999999999999999999 INCREMENT BY 1 CACHE 20;

-- ----------------------------
-- Primary Key structure for table FOLLOWS
-- ----------------------------
ALTER TABLE "HALFWALL"."FOLLOWS" ADD CONSTRAINT "SYS_C007445" PRIMARY KEY ("FOLLOWER_ID", "FOLLOWEE_ID");

-- ----------------------------
-- Checks structure for table FOLLOWS
-- ----------------------------
ALTER TABLE "HALFWALL"."FOLLOWS" ADD CONSTRAINT "SYS_C007443" CHECK ("FOLLOWER_ID" IS NOT NULL) NOT DEFERRABLE INITIALLY IMMEDIATE NORELY VALIDATE;
ALTER TABLE "HALFWALL"."FOLLOWS" ADD CONSTRAINT "SYS_C007444" CHECK ("FOLLOWEE_ID" IS NOT NULL) NOT DEFERRABLE INITIALLY IMMEDIATE NORELY VALIDATE;
ALTER TABLE "HALFWALL"."FOLLOWS" ADD CONSTRAINT "SYS_C007488" CHECK ("FOLLOWER_ID" IS NOT NULL) NOT DEFERRABLE INITIALLY IMMEDIATE NORELY VALIDATE;
ALTER TABLE "HALFWALL"."FOLLOWS" ADD CONSTRAINT "SYS_C007489" CHECK ("FOLLOWEE_ID" IS NOT NULL) NOT DEFERRABLE INITIALLY IMMEDIATE NORELY VALIDATE;

-- ----------------------------
-- Primary Key structure for table FOLLOW_REQUESTS
-- ----------------------------
ALTER TABLE "HALFWALL"."FOLLOW_REQUESTS" ADD CONSTRAINT "SYS_C007564" PRIMARY KEY ("FOLLOWER_ID", "FOLLOWEE_ID");

-- ----------------------------
-- Checks structure for table FOLLOW_REQUESTS
-- ----------------------------
ALTER TABLE "HALFWALL"."FOLLOW_REQUESTS" ADD CONSTRAINT "SYS_C007562" CHECK ("FOLLOWER_ID" IS NOT NULL) NOT DEFERRABLE INITIALLY IMMEDIATE NORELY VALIDATE;
ALTER TABLE "HALFWALL"."FOLLOW_REQUESTS" ADD CONSTRAINT "SYS_C007563" CHECK ("FOLLOWEE_ID" IS NOT NULL) NOT DEFERRABLE INITIALLY IMMEDIATE NORELY VALIDATE;

-- ----------------------------
-- Primary Key structure for table GROUPS
-- ----------------------------
ALTER TABLE "HALFWALL"."GROUPS" ADD CONSTRAINT "SYS_C007549" PRIMARY KEY ("GROUP_ID");

-- ----------------------------
-- Checks structure for table GROUPS
-- ----------------------------
ALTER TABLE "HALFWALL"."GROUPS" ADD CONSTRAINT "SYS_C007547" CHECK ("GROUP_ID" IS NOT NULL) NOT DEFERRABLE INITIALLY IMMEDIATE NORELY VALIDATE;
ALTER TABLE "HALFWALL"."GROUPS" ADD CONSTRAINT "SYS_C007548" CHECK ("GROUP_NAME" IS NOT NULL) NOT DEFERRABLE INITIALLY IMMEDIATE NORELY VALIDATE;

-- ----------------------------
-- Primary Key structure for table GROUP_ADMINS
-- ----------------------------
ALTER TABLE "HALFWALL"."GROUP_ADMINS" ADD CONSTRAINT "SYS_C007577" PRIMARY KEY ("GROUP_ID", "USER_ID");

-- ----------------------------
-- Checks structure for table GROUP_ADMINS
-- ----------------------------
ALTER TABLE "HALFWALL"."GROUP_ADMINS" ADD CONSTRAINT "SYS_C007575" CHECK ("GROUP_ID" IS NOT NULL) NOT DEFERRABLE INITIALLY IMMEDIATE NORELY VALIDATE;
ALTER TABLE "HALFWALL"."GROUP_ADMINS" ADD CONSTRAINT "SYS_C007576" CHECK ("USER_ID" IS NOT NULL) NOT DEFERRABLE INITIALLY IMMEDIATE NORELY VALIDATE;

-- ----------------------------
-- Primary Key structure for table GROUP_MEMBERS
-- ----------------------------
ALTER TABLE "HALFWALL"."GROUP_MEMBERS" ADD CONSTRAINT "SYS_C007582" PRIMARY KEY ("GROUP_ID", "USER_ID");

-- ----------------------------
-- Checks structure for table GROUP_MEMBERS
-- ----------------------------
ALTER TABLE "HALFWALL"."GROUP_MEMBERS" ADD CONSTRAINT "SYS_C007580" CHECK ("GROUP_ID" IS NOT NULL) NOT DEFERRABLE INITIALLY IMMEDIATE NORELY VALIDATE;
ALTER TABLE "HALFWALL"."GROUP_MEMBERS" ADD CONSTRAINT "SYS_C007581" CHECK ("USER_ID" IS NOT NULL) NOT DEFERRABLE INITIALLY IMMEDIATE NORELY VALIDATE;

-- ----------------------------
-- Primary Key structure for table GROUP_PENDING
-- ----------------------------
ALTER TABLE "HALFWALL"."GROUP_PENDING" ADD CONSTRAINT "SYS_C007611" PRIMARY KEY ("GROUP_ID", "USER_ID");

-- ----------------------------
-- Checks structure for table GROUP_PENDING
-- ----------------------------
ALTER TABLE "HALFWALL"."GROUP_PENDING" ADD CONSTRAINT "SYS_C007609" CHECK ("GROUP_ID" IS NOT NULL) NOT DEFERRABLE INITIALLY IMMEDIATE NORELY VALIDATE;
ALTER TABLE "HALFWALL"."GROUP_PENDING" ADD CONSTRAINT "SYS_C007610" CHECK ("USER_ID" IS NOT NULL) NOT DEFERRABLE INITIALLY IMMEDIATE NORELY VALIDATE;

-- ----------------------------
-- Primary Key structure for table LIKES
-- ----------------------------
ALTER TABLE "HALFWALL"."LIKES" ADD CONSTRAINT "SYS_C007559" PRIMARY KEY ("USER_ID", "POST_ID");

-- ----------------------------
-- Checks structure for table LIKES
-- ----------------------------
ALTER TABLE "HALFWALL"."LIKES" ADD CONSTRAINT "SYS_C007556" CHECK ("USER_ID" IS NOT NULL) NOT DEFERRABLE INITIALLY IMMEDIATE NORELY VALIDATE;
ALTER TABLE "HALFWALL"."LIKES" ADD CONSTRAINT "SYS_C007557" CHECK ("POST_ID" IS NOT NULL) NOT DEFERRABLE INITIALLY IMMEDIATE NORELY VALIDATE;

-- ----------------------------
-- Primary Key structure for table POSTS
-- ----------------------------
ALTER TABLE "HALFWALL"."POSTS" ADD CONSTRAINT "SYS_C007553" PRIMARY KEY ("POST_ID");

-- ----------------------------
-- Checks structure for table POSTS
-- ----------------------------
ALTER TABLE "HALFWALL"."POSTS" ADD CONSTRAINT "SYS_C007551" CHECK ("POST_ID" IS NOT NULL) NOT DEFERRABLE INITIALLY IMMEDIATE NORELY VALIDATE;
ALTER TABLE "HALFWALL"."POSTS" ADD CONSTRAINT "SYS_C007552" CHECK ("USER_ID" IS NOT NULL) NOT DEFERRABLE INITIALLY IMMEDIATE NORELY VALIDATE;

-- ----------------------------
-- Primary Key structure for table USERS
-- ----------------------------
ALTER TABLE "HALFWALL"."USERS" ADD CONSTRAINT "SYS_C007529" PRIMARY KEY ("USER_ID");

-- ----------------------------
-- Uniques structure for table USERS
-- ----------------------------
ALTER TABLE "HALFWALL"."USERS" ADD CONSTRAINT "UNQ_EMAIL" UNIQUE ("EMAIL") NOT DEFERRABLE INITIALLY IMMEDIATE NORELY VALIDATE;
ALTER TABLE "HALFWALL"."USERS" ADD CONSTRAINT "UNQ_STUDENT_ID" UNIQUE ("STUDENT_ID") NOT DEFERRABLE INITIALLY IMMEDIATE NORELY VALIDATE;

-- ----------------------------
-- Checks structure for table USERS
-- ----------------------------
ALTER TABLE "HALFWALL"."USERS" ADD CONSTRAINT "SYS_C007524" CHECK ("USER_ID" IS NOT NULL) NOT DEFERRABLE INITIALLY IMMEDIATE NORELY VALIDATE;
ALTER TABLE "HALFWALL"."USERS" ADD CONSTRAINT "SYS_C007525" CHECK ("STUDENT_ID" IS NOT NULL) NOT DEFERRABLE INITIALLY IMMEDIATE NORELY VALIDATE;
ALTER TABLE "HALFWALL"."USERS" ADD CONSTRAINT "SYS_C007526" CHECK ("NAME" IS NOT NULL) NOT DEFERRABLE INITIALLY IMMEDIATE NORELY VALIDATE;
ALTER TABLE "HALFWALL"."USERS" ADD CONSTRAINT "SYS_C007527" CHECK ("EMAIL" IS NOT NULL) NOT DEFERRABLE INITIALLY IMMEDIATE NORELY VALIDATE;
ALTER TABLE "HALFWALL"."USERS" ADD CONSTRAINT "SYS_C007528" CHECK ("PASSWORD" IS NOT NULL) NOT DEFERRABLE INITIALLY IMMEDIATE NORELY VALIDATE;

-- ----------------------------
-- Foreign Keys structure for table FOLLOWS
-- ----------------------------
ALTER TABLE "HALFWALL"."FOLLOWS" ADD CONSTRAINT "FOLLOWS_FK1" FOREIGN KEY ("FOLLOWER_ID") REFERENCES "HALFWALL"."USERS" ("USER_ID") ON DELETE CASCADE NOT DEFERRABLE INITIALLY IMMEDIATE NORELY VALIDATE;
ALTER TABLE "HALFWALL"."FOLLOWS" ADD CONSTRAINT "FOLLOWS_FK2" FOREIGN KEY ("FOLLOWEE_ID") REFERENCES "HALFWALL"."USERS" ("USER_ID") ON DELETE CASCADE NOT DEFERRABLE INITIALLY IMMEDIATE NORELY VALIDATE;

-- ----------------------------
-- Foreign Keys structure for table FOLLOW_REQUESTS
-- ----------------------------
ALTER TABLE "HALFWALL"."FOLLOW_REQUESTS" ADD CONSTRAINT "FOLLOW_REQ_FK1" FOREIGN KEY ("FOLLOWER_ID") REFERENCES "HALFWALL"."USERS" ("USER_ID") ON DELETE CASCADE NOT DEFERRABLE INITIALLY IMMEDIATE NORELY VALIDATE;
ALTER TABLE "HALFWALL"."FOLLOW_REQUESTS" ADD CONSTRAINT "FOLLOW_REQ_FK2" FOREIGN KEY ("FOLLOWEE_ID") REFERENCES "HALFWALL"."USERS" ("USER_ID") ON DELETE CASCADE NOT DEFERRABLE INITIALLY IMMEDIATE NORELY VALIDATE;

-- ----------------------------
-- Foreign Keys structure for table GROUP_ADMINS
-- ----------------------------
ALTER TABLE "HALFWALL"."GROUP_ADMINS" ADD CONSTRAINT "GROUP_ADMINS_FK1" FOREIGN KEY ("GROUP_ID") REFERENCES "HALFWALL"."GROUPS" ("GROUP_ID") ON DELETE CASCADE NOT DEFERRABLE INITIALLY IMMEDIATE NORELY VALIDATE;
ALTER TABLE "HALFWALL"."GROUP_ADMINS" ADD CONSTRAINT "GROUP_ADMINS_FK2" FOREIGN KEY ("USER_ID") REFERENCES "HALFWALL"."USERS" ("USER_ID") ON DELETE CASCADE NOT DEFERRABLE INITIALLY IMMEDIATE NORELY VALIDATE;

-- ----------------------------
-- Foreign Keys structure for table GROUP_MEMBERS
-- ----------------------------
ALTER TABLE "HALFWALL"."GROUP_MEMBERS" ADD CONSTRAINT "GROUP_MEMBERS_FK1" FOREIGN KEY ("GROUP_ID") REFERENCES "HALFWALL"."GROUPS" ("GROUP_ID") ON DELETE CASCADE NOT DEFERRABLE INITIALLY IMMEDIATE NORELY VALIDATE;
ALTER TABLE "HALFWALL"."GROUP_MEMBERS" ADD CONSTRAINT "GROUP_MEMBERS_FK2" FOREIGN KEY ("USER_ID") REFERENCES "HALFWALL"."USERS" ("USER_ID") ON DELETE CASCADE NOT DEFERRABLE INITIALLY IMMEDIATE NORELY VALIDATE;

-- ----------------------------
-- Foreign Keys structure for table GROUP_PENDING
-- ----------------------------
ALTER TABLE "HALFWALL"."GROUP_PENDING" ADD CONSTRAINT "GROUP_PENDING_FK1" FOREIGN KEY ("GROUP_ID") REFERENCES "HALFWALL"."GROUPS" ("GROUP_ID") ON DELETE CASCADE NOT DEFERRABLE INITIALLY IMMEDIATE NORELY VALIDATE;
ALTER TABLE "HALFWALL"."GROUP_PENDING" ADD CONSTRAINT "GROUP_PENDING_FK2" FOREIGN KEY ("USER_ID") REFERENCES "HALFWALL"."USERS" ("USER_ID") ON DELETE CASCADE NOT DEFERRABLE INITIALLY IMMEDIATE NORELY VALIDATE;

-- ----------------------------
-- Foreign Keys structure for table LIKES
-- ----------------------------
ALTER TABLE "HALFWALL"."LIKES" ADD CONSTRAINT "LIKES_PK1" FOREIGN KEY ("USER_ID") REFERENCES "HALFWALL"."USERS" ("USER_ID") ON DELETE CASCADE NOT DEFERRABLE INITIALLY IMMEDIATE NORELY VALIDATE;
ALTER TABLE "HALFWALL"."LIKES" ADD CONSTRAINT "LIKES_PK2" FOREIGN KEY ("POST_ID") REFERENCES "HALFWALL"."POSTS" ("POST_ID") ON DELETE CASCADE NOT DEFERRABLE INITIALLY IMMEDIATE NORELY VALIDATE;

-- ----------------------------
-- Foreign Keys structure for table POSTS
-- ----------------------------
ALTER TABLE "HALFWALL"."POSTS" ADD CONSTRAINT "POSTS_PK1" FOREIGN KEY ("USER_ID") REFERENCES "HALFWALL"."USERS" ("USER_ID") ON DELETE CASCADE NOT DEFERRABLE INITIALLY IMMEDIATE NORELY VALIDATE;
ALTER TABLE "HALFWALL"."POSTS" ADD CONSTRAINT "POSTS_PK2" FOREIGN KEY ("GROUP_ID") REFERENCES "HALFWALL"."GROUPS" ("GROUP_ID") ON DELETE CASCADE NOT DEFERRABLE INITIALLY IMMEDIATE NORELY VALIDATE;
