/*
 Navicat Premium Data Transfer

 Source Server         : halfwall
 Source Server Type    : Oracle
 Source Server Version : 190000
 Source Host           : localhost:1521
 Source Schema         : HALFWALL

 Target Server Type    : Oracle
 Target Server Version : 190000
 File Encoding         : 65001

 Date: 18/08/2022 21:35:57
*/


-- ----------------------------
-- Table structure for FOLLOWS
-- ----------------------------
DROP TABLE "HALFWALL"."FOLLOWS";
CREATE TABLE "HALFWALL"."FOLLOWS" (
  "FOLLOWER_ID" NUMBER VISIBLE NOT NULL,
  "FOLLOWEE_ID" NUMBER VISIBLE NOT NULL,
  "TIMESTAMP" TIMESTAMP(6) VISIBLE
)
LOGGING
NOCOMPRESS
PCTFREE 10
INITRANS 1
STORAGE (
  INITIAL 65536 
  NEXT 1048576 
  MINEXTENTS 1
  MAXEXTENTS 2147483645
  FREELISTS 1
  FREELIST GROUPS 1
  BUFFER_POOL DEFAULT
)
PARALLEL 1
NOCACHE
DISABLE ROW MOVEMENT
;

-- ----------------------------
-- Records of FOLLOWS
-- ----------------------------
INSERT INTO "HALFWALL"."FOLLOWS" VALUES ('32', '31', TO_TIMESTAMP('2022-08-09 11:27:10.423000', 'SYYYY-MM-DD HH24:MI:SS:FF6'));
INSERT INTO "HALFWALL"."FOLLOWS" VALUES ('31', '30', TO_TIMESTAMP('2022-08-09 11:28:11.420000', 'SYYYY-MM-DD HH24:MI:SS:FF6'));
INSERT INTO "HALFWALL"."FOLLOWS" VALUES ('2', '3', NULL);
INSERT INTO "HALFWALL"."FOLLOWS" VALUES ('32', '30', TO_TIMESTAMP('2022-08-09 11:28:10.996000', 'SYYYY-MM-DD HH24:MI:SS:FF6'));
INSERT INTO "HALFWALL"."FOLLOWS" VALUES ('32', '29', TO_TIMESTAMP('2022-08-09 11:30:04.048000', 'SYYYY-MM-DD HH24:MI:SS:FF6'));
INSERT INTO "HALFWALL"."FOLLOWS" VALUES ('30', '29', TO_TIMESTAMP('2022-08-09 11:30:04.815000', 'SYYYY-MM-DD HH24:MI:SS:FF6'));
INSERT INTO "HALFWALL"."FOLLOWS" VALUES ('29', '1', TO_TIMESTAMP('2022-08-09 11:35:53.163000', 'SYYYY-MM-DD HH24:MI:SS:FF6'));
INSERT INTO "HALFWALL"."FOLLOWS" VALUES ('30', '1', TO_TIMESTAMP('2022-08-09 11:35:53.785000', 'SYYYY-MM-DD HH24:MI:SS:FF6'));
INSERT INTO "HALFWALL"."FOLLOWS" VALUES ('4', '2', NULL);
INSERT INTO "HALFWALL"."FOLLOWS" VALUES ('1', '2', TO_TIMESTAMP('2022-08-09 11:36:14.125000', 'SYYYY-MM-DD HH24:MI:SS:FF6'));
INSERT INTO "HALFWALL"."FOLLOWS" VALUES ('30', '2', TO_TIMESTAMP('2022-08-09 11:36:15.315000', 'SYYYY-MM-DD HH24:MI:SS:FF6'));
INSERT INTO "HALFWALL"."FOLLOWS" VALUES ('32', '2', TO_TIMESTAMP('2022-08-09 11:36:16.341000', 'SYYYY-MM-DD HH24:MI:SS:FF6'));
INSERT INTO "HALFWALL"."FOLLOWS" VALUES ('31', '25', TO_TIMESTAMP('2022-08-15 22:52:38.613000', 'SYYYY-MM-DD HH24:MI:SS:FF6'));
INSERT INTO "HALFWALL"."FOLLOWS" VALUES ('4', '3', TO_TIMESTAMP('2022-08-09 11:36:51.337000', 'SYYYY-MM-DD HH24:MI:SS:FF6'));
INSERT INTO "HALFWALL"."FOLLOWS" VALUES ('1', '3', TO_TIMESTAMP('2022-08-10 11:53:02.596000', 'SYYYY-MM-DD HH24:MI:SS:FF6'));
INSERT INTO "HALFWALL"."FOLLOWS" VALUES ('2', '1', TO_TIMESTAMP('2022-08-09 17:47:13.498000', 'SYYYY-MM-DD HH24:MI:SS:FF6'));
INSERT INTO "HALFWALL"."FOLLOWS" VALUES ('1', '28', TO_TIMESTAMP('2022-08-11 01:11:12.680000', 'SYYYY-MM-DD HH24:MI:SS:FF6'));

-- ----------------------------
-- Table structure for FOLLOW_REQUESTS
-- ----------------------------
DROP TABLE "HALFWALL"."FOLLOW_REQUESTS";
CREATE TABLE "HALFWALL"."FOLLOW_REQUESTS" (
  "FOLLOWER_ID" NUMBER VISIBLE NOT NULL,
  "FOLLOWEE_ID" NUMBER VISIBLE NOT NULL,
  "TIMESTAMP" TIMESTAMP(6) VISIBLE
)
LOGGING
NOCOMPRESS
PCTFREE 10
INITRANS 1
STORAGE (
  INITIAL 65536 
  NEXT 1048576 
  MINEXTENTS 1
  MAXEXTENTS 2147483645
  FREELISTS 1
  FREELIST GROUPS 1
  BUFFER_POOL DEFAULT
)
PARALLEL 1
NOCACHE
DISABLE ROW MOVEMENT
;

-- ----------------------------
-- Records of FOLLOW_REQUESTS
-- ----------------------------
INSERT INTO "HALFWALL"."FOLLOW_REQUESTS" VALUES ('30', '32', TO_TIMESTAMP('2022-08-09 11:28:16.389000', 'SYYYY-MM-DD HH24:MI:SS:FF6'));
INSERT INTO "HALFWALL"."FOLLOW_REQUESTS" VALUES ('3', '1', TO_TIMESTAMP('2022-08-09 11:36:58.803000', 'SYYYY-MM-DD HH24:MI:SS:FF6'));
INSERT INTO "HALFWALL"."FOLLOW_REQUESTS" VALUES ('3', '2', TO_TIMESTAMP('2022-08-09 11:37:14.542000', 'SYYYY-MM-DD HH24:MI:SS:FF6'));
INSERT INTO "HALFWALL"."FOLLOW_REQUESTS" VALUES ('31', '28', TO_TIMESTAMP('2022-08-09 11:27:20.471000', 'SYYYY-MM-DD HH24:MI:SS:FF6'));
INSERT INTO "HALFWALL"."FOLLOW_REQUESTS" VALUES ('29', '32', TO_TIMESTAMP('2022-08-09 11:30:16.585000', 'SYYYY-MM-DD HH24:MI:SS:FF6'));
INSERT INTO "HALFWALL"."FOLLOW_REQUESTS" VALUES ('32', '1', TO_TIMESTAMP('2022-08-09 11:26:16.442000', 'SYYYY-MM-DD HH24:MI:SS:FF6'));
INSERT INTO "HALFWALL"."FOLLOW_REQUESTS" VALUES ('2', '4', TO_TIMESTAMP('2022-08-09 11:36:32.760000', 'SYYYY-MM-DD HH24:MI:SS:FF6'));
INSERT INTO "HALFWALL"."FOLLOW_REQUESTS" VALUES ('32', '3', TO_TIMESTAMP('2022-08-09 11:26:24.241000', 'SYYYY-MM-DD HH24:MI:SS:FF6'));
INSERT INTO "HALFWALL"."FOLLOW_REQUESTS" VALUES ('32', '4', TO_TIMESTAMP('2022-08-09 11:26:28.218000', 'SYYYY-MM-DD HH24:MI:SS:FF6'));
INSERT INTO "HALFWALL"."FOLLOW_REQUESTS" VALUES ('31', '32', TO_TIMESTAMP('2022-08-09 11:26:57.596000', 'SYYYY-MM-DD HH24:MI:SS:FF6'));
INSERT INTO "HALFWALL"."FOLLOW_REQUESTS" VALUES ('31', '29', TO_TIMESTAMP('2022-08-09 11:27:15.703000', 'SYYYY-MM-DD HH24:MI:SS:FF6'));
INSERT INTO "HALFWALL"."FOLLOW_REQUESTS" VALUES ('31', '1', TO_TIMESTAMP('2022-08-09 11:27:28.641000', 'SYYYY-MM-DD HH24:MI:SS:FF6'));
INSERT INTO "HALFWALL"."FOLLOW_REQUESTS" VALUES ('31', '2', TO_TIMESTAMP('2022-08-09 11:27:32.654000', 'SYYYY-MM-DD HH24:MI:SS:FF6'));
INSERT INTO "HALFWALL"."FOLLOW_REQUESTS" VALUES ('31', '3', TO_TIMESTAMP('2022-08-09 11:27:36.184000', 'SYYYY-MM-DD HH24:MI:SS:FF6'));
INSERT INTO "HALFWALL"."FOLLOW_REQUESTS" VALUES ('31', '4', TO_TIMESTAMP('2022-08-09 11:27:39.665000', 'SYYYY-MM-DD HH24:MI:SS:FF6'));
INSERT INTO "HALFWALL"."FOLLOW_REQUESTS" VALUES ('31', '26', TO_TIMESTAMP('2022-08-09 11:27:48.738000', 'SYYYY-MM-DD HH24:MI:SS:FF6'));
INSERT INTO "HALFWALL"."FOLLOW_REQUESTS" VALUES ('31', '27', TO_TIMESTAMP('2022-08-09 11:27:52.458000', 'SYYYY-MM-DD HH24:MI:SS:FF6'));
INSERT INTO "HALFWALL"."FOLLOW_REQUESTS" VALUES ('30', '31', TO_TIMESTAMP('2022-08-09 11:28:20.341000', 'SYYYY-MM-DD HH24:MI:SS:FF6'));
INSERT INTO "HALFWALL"."FOLLOW_REQUESTS" VALUES ('30', '28', TO_TIMESTAMP('2022-08-09 11:28:33.246000', 'SYYYY-MM-DD HH24:MI:SS:FF6'));
INSERT INTO "HALFWALL"."FOLLOW_REQUESTS" VALUES ('30', '27', TO_TIMESTAMP('2022-08-09 11:28:37.823000', 'SYYYY-MM-DD HH24:MI:SS:FF6'));
INSERT INTO "HALFWALL"."FOLLOW_REQUESTS" VALUES ('30', '26', TO_TIMESTAMP('2022-08-09 11:28:42.377000', 'SYYYY-MM-DD HH24:MI:SS:FF6'));
INSERT INTO "HALFWALL"."FOLLOW_REQUESTS" VALUES ('3', '4', TO_TIMESTAMP('2022-08-09 11:37:23.678000', 'SYYYY-MM-DD HH24:MI:SS:FF6'));
INSERT INTO "HALFWALL"."FOLLOW_REQUESTS" VALUES ('3', '30', TO_TIMESTAMP('2022-08-09 11:37:27.838000', 'SYYYY-MM-DD HH24:MI:SS:FF6'));
INSERT INTO "HALFWALL"."FOLLOW_REQUESTS" VALUES ('30', '3', TO_TIMESTAMP('2022-08-09 11:28:55.953000', 'SYYYY-MM-DD HH24:MI:SS:FF6'));
INSERT INTO "HALFWALL"."FOLLOW_REQUESTS" VALUES ('30', '4', TO_TIMESTAMP('2022-08-09 11:28:59.968000', 'SYYYY-MM-DD HH24:MI:SS:FF6'));
INSERT INTO "HALFWALL"."FOLLOW_REQUESTS" VALUES ('29', '31', TO_TIMESTAMP('2022-08-09 11:30:20.160000', 'SYYYY-MM-DD HH24:MI:SS:FF6'));
INSERT INTO "HALFWALL"."FOLLOW_REQUESTS" VALUES ('29', '26', TO_TIMESTAMP('2022-08-09 11:30:28.545000', 'SYYYY-MM-DD HH24:MI:SS:FF6'));
INSERT INTO "HALFWALL"."FOLLOW_REQUESTS" VALUES ('3', '31', TO_TIMESTAMP('2022-08-09 11:37:31.126000', 'SYYYY-MM-DD HH24:MI:SS:FF6'));
INSERT INTO "HALFWALL"."FOLLOW_REQUESTS" VALUES ('29', '2', TO_TIMESTAMP('2022-08-09 11:30:37.554000', 'SYYYY-MM-DD HH24:MI:SS:FF6'));
INSERT INTO "HALFWALL"."FOLLOW_REQUESTS" VALUES ('3', '25', TO_TIMESTAMP('2022-08-09 11:37:36.215000', 'SYYYY-MM-DD HH24:MI:SS:FF6'));
INSERT INTO "HALFWALL"."FOLLOW_REQUESTS" VALUES ('29', '4', TO_TIMESTAMP('2022-08-09 11:30:45.058000', 'SYYYY-MM-DD HH24:MI:SS:FF6'));
INSERT INTO "HALFWALL"."FOLLOW_REQUESTS" VALUES ('3', '26', TO_TIMESTAMP('2022-08-09 11:37:39.727000', 'SYYYY-MM-DD HH24:MI:SS:FF6'));

-- ----------------------------
-- Table structure for GROUPS
-- ----------------------------
DROP TABLE "HALFWALL"."GROUPS";
CREATE TABLE "HALFWALL"."GROUPS" (
  "GROUP_ID" NUMBER VISIBLE NOT NULL,
  "GROUP_NAME" VARCHAR2(255 BYTE) VISIBLE NOT NULL,
  "GROUP_PRIVACY" VARCHAR2(20 BYTE) VISIBLE,
  "GROUP_DESCRIPTION" VARCHAR2(511 BYTE) VISIBLE,
  "COVER_PHOTO" VARCHAR2(255 BYTE) VISIBLE,
  "TIME_OF_CREATION" TIMESTAMP(6) VISIBLE
)
LOGGING
NOCOMPRESS
PCTFREE 10
INITRANS 1
STORAGE (
  INITIAL 65536 
  NEXT 1048576 
  MINEXTENTS 1
  MAXEXTENTS 2147483645
  FREELISTS 1
  FREELIST GROUPS 1
  BUFFER_POOL DEFAULT
)
PARALLEL 1
NOCACHE
DISABLE ROW MOVEMENT
;

-- ----------------------------
-- Records of GROUPS
-- ----------------------------
INSERT INTO "HALFWALL"."GROUPS" VALUES ('1', 'PERSONAL_PUBLIC', 'SPECIAL', NULL, NULL, NULL);
INSERT INTO "HALFWALL"."GROUPS" VALUES ('2', 'PERSONAL_PRIVATE', 'SPECIAL', NULL, NULL, NULL);
INSERT INTO "HALFWALL"."GROUPS" VALUES ('100', 'new_group_1', 'PUBLIC', 'new_group_1_description', 'abcd', TO_TIMESTAMP('2022-08-08 01:20:25.749000', 'SYYYY-MM-DD HH24:MI:SS:FF6'));
INSERT INTO "HALFWALL"."GROUPS" VALUES ('120', 'Current Students Of Buet', 'PRIVATE', 'A group for all the current students of BUET.', NULL, TO_TIMESTAMP('2022-08-09 01:17:03.822000', 'SYYYY-MM-DD HH24:MI:SS:FF6'));
INSERT INTO "HALFWALL"."GROUPS" VALUES ('121', 'Current Students Of Buet2', 'PRIVATE', NULL, NULL, TO_TIMESTAMP('2022-08-10 11:55:39.570000', 'SYYYY-MM-DD HH24:MI:SS:FF6'));
INSERT INTO "HALFWALL"."GROUPS" VALUES ('122', 'Orom Mone Hoy', 'PRIVATE', 'A meme Group

Of Buet', NULL, TO_TIMESTAMP('2022-08-12 00:43:32.276000', 'SYYYY-MM-DD HH24:MI:SS:FF6'));
INSERT INTO "HALFWALL"."GROUPS" VALUES ('140', 'Another Group By saad', 'PUBLIC', NULL, NULL, TO_TIMESTAMP('2022-08-12 04:25:53.681000', 'SYYYY-MM-DD HH24:MI:SS:FF6'));
INSERT INTO "HALFWALL"."GROUPS" VALUES ('160', 'new_group_2', 'PUBLIC', NULL, NULL, TO_TIMESTAMP('2022-08-18 21:21:20.911000', 'SYYYY-MM-DD HH24:MI:SS:FF6'));

-- ----------------------------
-- Table structure for GROUP_MEMBERS
-- ----------------------------
DROP TABLE "HALFWALL"."GROUP_MEMBERS";
CREATE TABLE "HALFWALL"."GROUP_MEMBERS" (
  "GROUP_ID" NUMBER VISIBLE NOT NULL,
  "USER_ID" NUMBER VISIBLE NOT NULL,
  "TIMESTAMP" TIMESTAMP(6) VISIBLE,
  "STATUS" VARCHAR2(255 BYTE) VISIBLE
)
LOGGING
NOCOMPRESS
PCTFREE 10
INITRANS 1
STORAGE (
  INITIAL 65536 
  NEXT 1048576 
  MINEXTENTS 1
  MAXEXTENTS 2147483645
  FREELISTS 1
  FREELIST GROUPS 1
  BUFFER_POOL DEFAULT
)
PARALLEL 1
NOCACHE
DISABLE ROW MOVEMENT
;

-- ----------------------------
-- Records of GROUP_MEMBERS
-- ----------------------------
INSERT INTO "HALFWALL"."GROUP_MEMBERS" VALUES ('100', '1', TO_TIMESTAMP('2022-08-08 01:20:25.821000', 'SYYYY-MM-DD HH24:MI:SS:FF6'), 'ADMIN');
INSERT INTO "HALFWALL"."GROUP_MEMBERS" VALUES ('120', '4', TO_TIMESTAMP('2022-08-09 01:17:03.841000', 'SYYYY-MM-DD HH24:MI:SS:FF6'), 'ADMIN');
INSERT INTO "HALFWALL"."GROUP_MEMBERS" VALUES ('120', '31', TO_TIMESTAMP('2022-08-15 23:43:48.223000', 'SYYYY-MM-DD HH24:MI:SS:FF6'), 'MEMBER');
INSERT INTO "HALFWALL"."GROUP_MEMBERS" VALUES ('120', '2', TO_TIMESTAMP('2022-08-14 13:42:25.000000', 'SYYYY-MM-DD HH24:MI:SS:FF6'), 'MEMBER');
INSERT INTO "HALFWALL"."GROUP_MEMBERS" VALUES ('121', '1', TO_TIMESTAMP('2022-08-10 11:55:39.572000', 'SYYYY-MM-DD HH24:MI:SS:FF6'), 'ADMIN');
INSERT INTO "HALFWALL"."GROUP_MEMBERS" VALUES ('122', '4', TO_TIMESTAMP('2022-08-12 00:43:32.283000', 'SYYYY-MM-DD HH24:MI:SS:FF6'), 'ADMIN');
INSERT INTO "HALFWALL"."GROUP_MEMBERS" VALUES ('120', '1', TO_TIMESTAMP('2022-08-15 23:39:09.489000', 'SYYYY-MM-DD HH24:MI:SS:FF6'), 'ADMIN');
INSERT INTO "HALFWALL"."GROUP_MEMBERS" VALUES ('140', '4', TO_TIMESTAMP('2022-08-12 04:25:53.685000', 'SYYYY-MM-DD HH24:MI:SS:FF6'), 'ADMIN');
INSERT INTO "HALFWALL"."GROUP_MEMBERS" VALUES ('120', '30', NULL, 'PENDING');
INSERT INTO "HALFWALL"."GROUP_MEMBERS" VALUES ('160', '1', TO_TIMESTAMP('2022-08-18 21:21:20.912000', 'SYYYY-MM-DD HH24:MI:SS:FF6'), 'ADMIN');

-- ----------------------------
-- Table structure for LIKES
-- ----------------------------
DROP TABLE "HALFWALL"."LIKES";
CREATE TABLE "HALFWALL"."LIKES" (
  "USER_ID" NUMBER VISIBLE NOT NULL,
  "POST_ID" NUMBER VISIBLE NOT NULL,
  "TIMESTAMP" TIMESTAMP(6) VISIBLE
)
LOGGING
NOCOMPRESS
PCTFREE 10
INITRANS 1
STORAGE (
  INITIAL 65536 
  NEXT 1048576 
  MINEXTENTS 1
  MAXEXTENTS 2147483645
  FREELISTS 1
  FREELIST GROUPS 1
  BUFFER_POOL DEFAULT
)
PARALLEL 1
NOCACHE
DISABLE ROW MOVEMENT
;

-- ----------------------------
-- Records of LIKES
-- ----------------------------
INSERT INTO "HALFWALL"."LIKES" VALUES ('4', '3', TO_TIMESTAMP('2022-08-04 02:11:17.413000', 'SYYYY-MM-DD HH24:MI:SS:FF6'));
INSERT INTO "HALFWALL"."LIKES" VALUES ('1', '9', TO_TIMESTAMP('2022-07-23 05:04:33.283000', 'SYYYY-MM-DD HH24:MI:SS:FF6'));
INSERT INTO "HALFWALL"."LIKES" VALUES ('1', '3', TO_TIMESTAMP('2022-07-23 05:04:44.182000', 'SYYYY-MM-DD HH24:MI:SS:FF6'));
INSERT INTO "HALFWALL"."LIKES" VALUES ('4', '1', TO_TIMESTAMP('2022-07-30 15:49:35.371000', 'SYYYY-MM-DD HH24:MI:SS:FF6'));
INSERT INTO "HALFWALL"."LIKES" VALUES ('4', '9', TO_TIMESTAMP('2022-08-08 19:02:22.975000', 'SYYYY-MM-DD HH24:MI:SS:FF6'));
INSERT INTO "HALFWALL"."LIKES" VALUES ('1', '6', TO_TIMESTAMP('2022-08-04 01:20:20.422000', 'SYYYY-MM-DD HH24:MI:SS:FF6'));
INSERT INTO "HALFWALL"."LIKES" VALUES ('1', '4', TO_TIMESTAMP('2022-08-08 23:05:13.188000', 'SYYYY-MM-DD HH24:MI:SS:FF6'));

-- ----------------------------
-- Table structure for POSTS
-- ----------------------------
DROP TABLE "HALFWALL"."POSTS";
CREATE TABLE "HALFWALL"."POSTS" (
  "POST_ID" NUMBER VISIBLE NOT NULL,
  "USER_ID" NUMBER VISIBLE NOT NULL,
  "GROUP_ID" NUMBER VISIBLE,
  "TEXT" VARCHAR2(2000 BYTE) VISIBLE,
  "TIMESTAMP" TIMESTAMP(6) VISIBLE
)
LOGGING
NOCOMPRESS
PCTFREE 10
INITRANS 1
STORAGE (
  INITIAL 65536 
  NEXT 1048576 
  MINEXTENTS 1
  MAXEXTENTS 2147483645
  FREELISTS 1
  FREELIST GROUPS 1
  BUFFER_POOL DEFAULT
)
PARALLEL 1
NOCACHE
DISABLE ROW MOVEMENT
;

-- ----------------------------
-- Records of POSTS
-- ----------------------------
INSERT INTO "HALFWALL"."POSTS" VALUES ('1', '1', '1', 'Abir post 1', TO_TIMESTAMP('2022-06-26 01:02:26.000000', 'SYYYY-MM-DD HH24:MI:SS:FF6'));
INSERT INTO "HALFWALL"."POSTS" VALUES ('2', '1', '1', 'Abir post 2', TO_TIMESTAMP('2022-07-31 01:02:29.000000', 'SYYYY-MM-DD HH24:MI:SS:FF6'));
INSERT INTO "HALFWALL"."POSTS" VALUES ('3', '1', '2', 'Abir post 3', TO_TIMESTAMP('2022-07-18 01:02:32.000000', 'SYYYY-MM-DD HH24:MI:SS:FF6'));
INSERT INTO "HALFWALL"."POSTS" VALUES ('4', '2', '1', 'Sakib post public', TO_TIMESTAMP('2022-07-04 03:02:40.000000', 'SYYYY-MM-DD HH24:MI:SS:FF6'));
INSERT INTO "HALFWALL"."POSTS" VALUES ('5', '2', '2', 'sakib private', TO_TIMESTAMP('2022-07-17 01:02:45.000000', 'SYYYY-MM-DD HH24:MI:SS:FF6'));
INSERT INTO "HALFWALL"."POSTS" VALUES ('6', '3', '1', 'lara public', TO_TIMESTAMP('2022-07-03 01:02:49.000000', 'SYYYY-MM-DD HH24:MI:SS:FF6'));
INSERT INTO "HALFWALL"."POSTS" VALUES ('7', '3', '2', 'lara private', TO_TIMESTAMP('2022-08-01 01:03:23.000000', 'SYYYY-MM-DD HH24:MI:SS:FF6'));
INSERT INTO "HALFWALL"."POSTS" VALUES ('8', '4', '1', 'saad public', TO_TIMESTAMP('2022-08-04 01:03:26.000000', 'SYYYY-MM-DD HH24:MI:SS:FF6'));
INSERT INTO "HALFWALL"."POSTS" VALUES ('9', '4', '2', 'saad private', TO_TIMESTAMP('2022-08-01 01:03:29.000000', 'SYYYY-MM-DD HH24:MI:SS:FF6'));
INSERT INTO "HALFWALL"."POSTS" VALUES ('10', '1', '120', 'Abir Group post 1 ', NULL);
INSERT INTO "HALFWALL"."POSTS" VALUES ('11', '1', '120', 'Abir Group post 2', NULL);

-- ----------------------------
-- Table structure for USERS
-- ----------------------------
DROP TABLE "HALFWALL"."USERS";
CREATE TABLE "HALFWALL"."USERS" (
  "USER_ID" NUMBER VISIBLE NOT NULL,
  "STUDENT_ID" NUMBER VISIBLE NOT NULL,
  "NAME" VARCHAR2(255 BYTE) VISIBLE NOT NULL,
  "EMAIL" VARCHAR2(255 BYTE) VISIBLE NOT NULL,
  "PASSWORD" VARCHAR2(255 BYTE) VISIBLE NOT NULL,
  "DEPARTMENT" VARCHAR2(255 BYTE) VISIBLE,
  "DATE_OF_BIRTH" DATE VISIBLE,
  "HALL" VARCHAR2(255 BYTE) VISIBLE,
  "HALL_ATTACHMENT" CHAR(1 BYTE) VISIBLE,
  "BATCH" NUMBER VISIBLE,
  "PROFILE_PIC" VARCHAR2(255 BYTE) VISIBLE,
  "STREET" VARCHAR2(255 BYTE) VISIBLE,
  "CITY" VARCHAR2(255 BYTE) VISIBLE,
  "POSTCODE" NUMBER VISIBLE
)
LOGGING
NOCOMPRESS
PCTFREE 10
INITRANS 1
STORAGE (
  INITIAL 65536 
  NEXT 1048576 
  MINEXTENTS 1
  MAXEXTENTS 2147483645
  FREELISTS 1
  FREELIST GROUPS 1
  BUFFER_POOL DEFAULT
)
PARALLEL 1
NOCACHE
DISABLE ROW MOVEMENT
;

-- ----------------------------
-- Records of USERS
-- ----------------------------
INSERT INTO "HALFWALL"."USERS" VALUES ('1', '1905066', 'ABIR MUHTASIM', 'auntor505@gmail.com', '1234', 'CSE', NULL, 'SHUHRAWARDY', 'R', '2019', NULL, 'FARIDPUR GORSTAN MON', 'DINAJPUR', NULL);
INSERT INTO "HALFWALL"."USERS" VALUES ('2', '1905061', 'NAZMUS SAKIB', 'sakib@gmail.com', '1234', 'CSE', NULL, NULL, NULL, NULL, NULL, NULL, NULL, NULL);
INSERT INTO "HALFWALL"."USERS" VALUES ('3', '1905062', 'LARA KHAN', 'lara@yahoo.com', '1234', 'CSE', NULL, 'CHAATTRI', 'R', NULL, NULL, NULL, NULL, NULL);
INSERT INTO "HALFWALL"."USERS" VALUES ('4', '1905090', 'TANVIR SAAD', 'saad@gmail.com', '1234', 'CSE', NULL, 'SHUHRAWARDY', NULL, NULL, NULL, NULL, NULL, NULL);
INSERT INTO "HALFWALL"."USERS" VALUES ('25', '1905063', 'MD. MOINUL AZIM', 'azim@gmail.com', '1234', 'CSE', TO_DATE('2000-06-14 00:00:00', 'SYYYY-MM-DD HH24:MI:SS'), 'SHER-E-BANGLA', 'R', '2019', NULL, NULL, 'DHAKA', NULL);
INSERT INTO "HALFWALL"."USERS" VALUES ('26', '1905064', 'SAYEM SHADAH SOUMMO', 'soummo64@gmail.com', '1234', 'CSE', NULL, NULL, NULL, '2019', NULL, NULL, NULL, NULL);
INSERT INTO "HALFWALL"."USERS" VALUES ('27', '1905065', 'ARNAB BHATTACHARJEE', 'arnab65@gmail.com', '1234', 'CSE', NULL, NULL, NULL, '2019', NULL, NULL, NULL, NULL);
INSERT INTO "HALFWALL"."USERS" VALUES ('28', '1905067', 'MD. ROQUNUZZAMAN SOJIB', 'sojib67@gmail.com', '1234', 'CSE', NULL, NULL, NULL, '2019', NULL, NULL, NULL, NULL);
INSERT INTO "HALFWALL"."USERS" VALUES ('29', '1905068', 'PROTOY BARAI', 'protoybarai68@gmail.com', '1234', 'CSE', NULL, 'AHSANULLAH', 'R', '2019', NULL, NULL, NULL, NULL);
INSERT INTO "HALFWALL"."USERS" VALUES ('30', '1905069', 'MASHROOR HASAN BHUIYAN', 'mashroor69@gmail.com', '1234', 'CSE', NULL, 'RASHID', 'A', '2019', NULL, NULL, 'DHAKA', NULL);
INSERT INTO "HALFWALL"."USERS" VALUES ('31', '1905070', 'ANINDYA HOQUE', 'anindya70@gmail.com', '1234', 'CSE', NULL, NULL, NULL, '2019', NULL, NULL, NULL, NULL);
INSERT INTO "HALFWALL"."USERS" VALUES ('32', '1904001', 'DURJOY ROY', 'durjou0401@gmail.com', '1234', 'CE', NULL, 'AHSANULLAH', 'A', '2019', NULL, NULL, NULL, NULL);
INSERT INTO "HALFWALL"."USERS" VALUES ('34', '1905089', 'MAJHISA JAHAN DISHA', '1905089@ugrad.cse.buet.ac.bd', '1234', 'CSE', NULL, NULL, NULL, '2019', NULL, NULL, NULL, NULL);

-- ----------------------------
-- Function structure for CHECK_FOLLOWING
-- ----------------------------
CREATE OR REPLACE
FUNCTION "HALFWALL"."CHECK_FOLLOWING" AS
BEGIN
	FOLLOW_STATUS := 0;
	SELECT 1 INTO FOLLOW_STATUS
	FROM FOLLOWS
	WHERE FOLLOWEE_ID = Q_FOLLOWEE_ID AND FOLLOWER_ID = Q_FOLLOWER_ID;
	RETURN FOLLOW_STATUS;
END;
/

-- ----------------------------
-- Function structure for CREATE_GROUP
-- ----------------------------
CREATE OR REPLACE
PROCEDURE "HALFWALL"."CREATE_GROUP" AS
BEGIN
	NEW_GROUP_ID := GROUP_SEQ.NEXTVAL;
	INSERT INTO GROUPS (GROUP_ID, GROUP_NAME, GROUP_PRIVACY, GROUP_DESCRIPTION, COVER_PHOTO, TIME_OF_CREATION)
	VALUES (NEW_GROUP_ID, NEW_GROUP_NAME, NEW_GROUP_PRIVACY, NEW_DESCRIPTION, NEW_COVER_PHOTO, CURRENT_TIMESTAMP);
	
	INSERT INTO GROUP_MEMBERS(GROUP_ID, USER_ID, TIMESTAMP, STATUS)
	VALUES(NEW_GROUP_ID, NEW_ADMIN_ID, CURRENT_TIMESTAMP, 'ADMIN');
	RESULT := 'success';

EXCEPTION
    WHEN OTHERS THEN
        RESULT := 'please enter the fields correctly';
END;
/

-- ----------------------------
-- Function structure for CREATE_USER
-- ----------------------------
CREATE OR REPLACE
PROCEDURE "HALFWALL"."CREATE_USER" AS
BEGIN
	NEW_USER_ID := USER_SEQ.NEXTVAL;
	INSERT INTO USERS
	VALUES  (NEW_USER_ID, NEW_STUDENT_ID, UPPER(NEW_NAME), LOWER(NEW_EMAIL), NEW_PASSWORD, UPPER(NEW_DEPARTMENT), NEW_DATE_OF_BIRTH, UPPER(NEW_HALL), UPPER(NEW_HALL_ATTACHMENT), NEW_BATCH, NEW_PROFILE_PIC, UPPER(NEW_STREET), UPPER(NEW_CITY), NEW_POSTCODE );

	RESULT := NEW_USER_ID;

	EXCEPTION
    WHEN DUP_VAL_ON_INDEX THEN
        RESULT := 'Student ID or email already exists';
    WHEN OTHERS THEN
        RESULT := 'Something went wrong';
END;
/

-- ----------------------------
-- Function structure for GET_USER_NAME
-- ----------------------------
CREATE OR REPLACE
FUNCTION "HALFWALL"."GET_USER_NAME" AS
BEGIN
	SELECT NAME INTO USER_NAME 
	FROM USERS
	WHERE USER_ID = Q_USER_ID; 
	RETURN USER_NAME;
END;
/

-- ----------------------------
-- Function structure for GET_USER_PROFILE_PIC
-- ----------------------------
CREATE OR REPLACE
FUNCTION "HALFWALL"."GET_USER_PROFILE_PIC" AS
BEGIN
	SELECT PROFILE_PIC INTO PFP FROM USERS WHERE USER_ID = Q_USER_ID;
	RETURN PFP;
END;
/

-- ----------------------------
-- Function structure for GROUP_MEMBERSHIP_STATUS
-- ----------------------------
CREATE OR REPLACE
FUNCTION "HALFWALL"."GROUP_MEMBERSHIP_STATUS" AS
BEGIN
	SELECT STATUS INTO MEMBERSHIP FROM GROUP_MEMBERS
	WHERE GROUP_ID = Q_GROUP_ID AND USER_ID = Q_USER_ID;
	
	RETURN MEMBERSHIP;

EXCEPTION
	WHEN OTHERS THEN
		RETURN NULL;
	
END;
/

-- ----------------------------
-- Function structure for LIKE_COUNT
-- ----------------------------
CREATE OR REPLACE
FUNCTION "HALFWALL"."LIKE_COUNT" AS
BEGIN
	SELECT COUNT(*) INTO NUMBER_OF_LIKES FROM LIKES
	WHERE POST_ID = Q_POST_ID;
	RETURN NUMBER_OF_LIKES;
END;
/

-- ----------------------------
-- Function structure for PROCESS_FOLLOW_REQUEST
-- ----------------------------
CREATE OR REPLACE
PROCEDURE "HALFWALL"."PROCESS_FOLLOW_REQUEST" AS
BEGIN
	SELECT COUNT(*) INTO CNT FROM FOLLOW_REQUESTS
	WHERE FOLLOWER_ID = Q_FOLLOWER_ID AND FOLLOWEE_ID = Q_FOLLOWEE_ID;
	
	IF CNT < 1 THEN
		RESULT := 'REQUEST ALREADY REMOVED';
		RETURN;
	END IF;
	
	DELETE FROM FOLLOW_REQUESTS
	WHERE FOLLOWER_ID = Q_FOLLOWER_ID AND FOLLOWEE_ID = Q_FOLLOWEE_ID;
	
	IF UPPER(ACTION) = 'ACCEPT' THEN
		INSERT INTO FOLLOWS(FOLLOWEE_ID, FOLLOWER_ID, TIMESTAMP)
		VALUES(Q_FOLLOWEE_ID, Q_FOLLOWER_ID, CURRENT_TIMESTAMP);
	END IF;
	
	RESULT := 'success';

EXCEPTION
   WHEN DUP_VAL_ON_INDEX THEN
       RESULT := 'already following';
   WHEN OTHERS THEN
       RESULT := 'Please fill up the fields correctly';
END;
/

-- ----------------------------
-- Function structure for PROCESS_GROUP_MEMBER
-- ----------------------------
CREATE OR REPLACE
PROCEDURE "HALFWALL"."PROCESS_GROUP_MEMBER" AS
BEGIN
	-- First check if the admin is valid
	IF GROUP_MEMBERSHIP_STATUS(Q_GROUP_ID, Q_ADMIN_ID) <> 'ADMIN' THEN
		RESULT := 'adminship not valid';
		RETURN;
	END IF;
	
	IF ACTION = 'accept-pending' THEN
		UPDATE GROUP_MEMBERS SET STATUS = 'MEMBER', TIMESTAMP = CURRENT_TIMESTAMP WHERE GROUP_ID = Q_GROUP_ID AND USER_ID = Q_USER_ID AND STATUS = 'PENDING';
		
	ELSIF ACTION = 'remove-pending' THEN
		DELETE FROM GROUP_MEMBERS WHERE GROUP_ID = Q_GROUP_ID AND USER_ID = Q_USER_ID AND STATUS = 'PENDING';
		
	ELSIF ACTION = 'make-admin' THEN
		UPDATE GROUP_MEMBERS SET STATUS = 'ADMIN' WHERE GROUP_ID = Q_GROUP_ID AND USER_ID = Q_USER_ID AND STATUS = 'MEMBER';
		
	ELSIF ACTION = 'remove-member' THEN
		DELETE FROM GROUP_MEMBERS WHERE GROUP_ID = Q_GROUP_ID AND USER_ID = Q_USER_ID AND STATUS = 'MEMBER';
		
	ELSIF ACTION = 'remove-admin' THEN
		UPDATE GROUP_MEMBERS SET STATUS = 'MEMBER' WHERE GROUP_ID = Q_GROUP_ID AND USER_ID = Q_USER_ID AND STATUS = 'ADMIN';

	END IF;
	
	RESULT := 'success';
	
	EXCEPTION
    WHEN OTHERS THEN
        RESULT := 'Something went wrong';
	
END;
/

-- ----------------------------
-- Function structure for UPDATE_USER
-- ----------------------------
CREATE OR REPLACE
PROCEDURE "HALFWALL"."UPDATE_USER" AS
BEGIN
	    UPDATE USERS
      SET
				STUDENT_ID = NEW_STUDENT_ID,
        NAME = UPPER(NEW_NAME),
		    EMAIL = LOWER(NEW_EMAIL),
				PASSWORD = NEW_PASSWORD,
		    DATE_OF_BIRTH = TO_DATE(NEW_DATE_OF_BIRTH,'YYYY-MM-DD'),
         HALL = UPPER(NEW_HALL),
		    HALL_ATTACHMENT = UPPER(NEW_HALL_ATTACHMENT),
		    STREET = UPPER(NEW_STREET),
		    CITY = UPPER(NEW_CITY),
				POSTCODE = NEW_POSTCODE
                    
        WHERE USER_ID = NEW_USER_ID;
				
				RESULT := 'success';

	EXCEPTION
    WHEN DUP_VAL_ON_INDEX THEN
        RESULT := 'Student ID or email already exists';
    WHEN OTHERS THEN
        RESULT := 'Something went wrong';
END;
/

-- ----------------------------
-- Function structure for USER_LIKED_THIS_POST
-- ----------------------------
CREATE OR REPLACE
FUNCTION "HALFWALL"."USER_LIKED_THIS_POST" AS
BEGIN
	USER_LIKED := 0;
	SELECT 1 INTO USER_LIKED FROM LIKES WHERE POST_ID = Q_POST_ID AND USER_ID = Q_USER_ID;
	RETURN USER_LIKED;
END;
/

-- ----------------------------
-- Sequence structure for GROUP_SEQ
-- ----------------------------
DROP SEQUENCE "HALFWALL"."GROUP_SEQ";
CREATE SEQUENCE "HALFWALL"."GROUP_SEQ" MINVALUE 1 MAXVALUE 9999999999999999999999999999 INCREMENT BY 1 CACHE 20;

-- ----------------------------
-- Sequence structure for USER_SEQ
-- ----------------------------
DROP SEQUENCE "HALFWALL"."USER_SEQ";
CREATE SEQUENCE "HALFWALL"."USER_SEQ" MINVALUE 5 MAXVALUE 9999999999999999999999999999 INCREMENT BY 1 CACHE 20;

-- ----------------------------
-- Primary Key structure for table FOLLOWS
-- ----------------------------
ALTER TABLE "HALFWALL"."FOLLOWS" ADD CONSTRAINT "SYS_C007445" PRIMARY KEY ("FOLLOWER_ID", "FOLLOWEE_ID");

-- ----------------------------
-- Checks structure for table FOLLOWS
-- ----------------------------
ALTER TABLE "HALFWALL"."FOLLOWS" ADD CONSTRAINT "SYS_C007443" CHECK ("FOLLOWER_ID" IS NOT NULL) NOT DEFERRABLE INITIALLY IMMEDIATE NORELY VALIDATE;
ALTER TABLE "HALFWALL"."FOLLOWS" ADD CONSTRAINT "SYS_C007444" CHECK ("FOLLOWEE_ID" IS NOT NULL) NOT DEFERRABLE INITIALLY IMMEDIATE NORELY VALIDATE;
ALTER TABLE "HALFWALL"."FOLLOWS" ADD CONSTRAINT "SYS_C007488" CHECK ("FOLLOWER_ID" IS NOT NULL) NOT DEFERRABLE INITIALLY IMMEDIATE NORELY VALIDATE;
ALTER TABLE "HALFWALL"."FOLLOWS" ADD CONSTRAINT "SYS_C007489" CHECK ("FOLLOWEE_ID" IS NOT NULL) NOT DEFERRABLE INITIALLY IMMEDIATE NORELY VALIDATE;

-- ----------------------------
-- Primary Key structure for table FOLLOW_REQUESTS
-- ----------------------------
ALTER TABLE "HALFWALL"."FOLLOW_REQUESTS" ADD CONSTRAINT "SYS_C007564" PRIMARY KEY ("FOLLOWER_ID", "FOLLOWEE_ID");

-- ----------------------------
-- Checks structure for table FOLLOW_REQUESTS
-- ----------------------------
ALTER TABLE "HALFWALL"."FOLLOW_REQUESTS" ADD CONSTRAINT "SYS_C007562" CHECK ("FOLLOWER_ID" IS NOT NULL) NOT DEFERRABLE INITIALLY IMMEDIATE NORELY VALIDATE;
ALTER TABLE "HALFWALL"."FOLLOW_REQUESTS" ADD CONSTRAINT "SYS_C007563" CHECK ("FOLLOWEE_ID" IS NOT NULL) NOT DEFERRABLE INITIALLY IMMEDIATE NORELY VALIDATE;

-- ----------------------------
-- Primary Key structure for table GROUPS
-- ----------------------------
ALTER TABLE "HALFWALL"."GROUPS" ADD CONSTRAINT "SYS_C007549" PRIMARY KEY ("GROUP_ID");

-- ----------------------------
-- Checks structure for table GROUPS
-- ----------------------------
ALTER TABLE "HALFWALL"."GROUPS" ADD CONSTRAINT "SYS_C007547" CHECK ("GROUP_ID" IS NOT NULL) NOT DEFERRABLE INITIALLY IMMEDIATE NORELY VALIDATE;
ALTER TABLE "HALFWALL"."GROUPS" ADD CONSTRAINT "SYS_C007548" CHECK ("GROUP_NAME" IS NOT NULL) NOT DEFERRABLE INITIALLY IMMEDIATE NORELY VALIDATE;

-- ----------------------------
-- Primary Key structure for table GROUP_MEMBERS
-- ----------------------------
ALTER TABLE "HALFWALL"."GROUP_MEMBERS" ADD CONSTRAINT "SYS_C007582" PRIMARY KEY ("GROUP_ID", "USER_ID");

-- ----------------------------
-- Checks structure for table GROUP_MEMBERS
-- ----------------------------
ALTER TABLE "HALFWALL"."GROUP_MEMBERS" ADD CONSTRAINT "SYS_C007580" CHECK ("GROUP_ID" IS NOT NULL) NOT DEFERRABLE INITIALLY IMMEDIATE NORELY VALIDATE;
ALTER TABLE "HALFWALL"."GROUP_MEMBERS" ADD CONSTRAINT "SYS_C007581" CHECK ("USER_ID" IS NOT NULL) NOT DEFERRABLE INITIALLY IMMEDIATE NORELY VALIDATE;

-- ----------------------------
-- Primary Key structure for table LIKES
-- ----------------------------
ALTER TABLE "HALFWALL"."LIKES" ADD CONSTRAINT "SYS_C007559" PRIMARY KEY ("USER_ID", "POST_ID");

-- ----------------------------
-- Checks structure for table LIKES
-- ----------------------------
ALTER TABLE "HALFWALL"."LIKES" ADD CONSTRAINT "SYS_C007556" CHECK ("USER_ID" IS NOT NULL) NOT DEFERRABLE INITIALLY IMMEDIATE NORELY VALIDATE;
ALTER TABLE "HALFWALL"."LIKES" ADD CONSTRAINT "SYS_C007557" CHECK ("POST_ID" IS NOT NULL) NOT DEFERRABLE INITIALLY IMMEDIATE NORELY VALIDATE;

-- ----------------------------
-- Primary Key structure for table POSTS
-- ----------------------------
ALTER TABLE "HALFWALL"."POSTS" ADD CONSTRAINT "SYS_C007553" PRIMARY KEY ("POST_ID");

-- ----------------------------
-- Checks structure for table POSTS
-- ----------------------------
ALTER TABLE "HALFWALL"."POSTS" ADD CONSTRAINT "SYS_C007551" CHECK ("POST_ID" IS NOT NULL) NOT DEFERRABLE INITIALLY IMMEDIATE NORELY VALIDATE;
ALTER TABLE "HALFWALL"."POSTS" ADD CONSTRAINT "SYS_C007552" CHECK ("USER_ID" IS NOT NULL) NOT DEFERRABLE INITIALLY IMMEDIATE NORELY VALIDATE;

-- ----------------------------
-- Primary Key structure for table USERS
-- ----------------------------
ALTER TABLE "HALFWALL"."USERS" ADD CONSTRAINT "SYS_C007529" PRIMARY KEY ("USER_ID");

-- ----------------------------
-- Uniques structure for table USERS
-- ----------------------------
ALTER TABLE "HALFWALL"."USERS" ADD CONSTRAINT "UNQ_EMAIL" UNIQUE ("EMAIL") NOT DEFERRABLE INITIALLY IMMEDIATE NORELY VALIDATE;
ALTER TABLE "HALFWALL"."USERS" ADD CONSTRAINT "UNQ_STUDENT_ID" UNIQUE ("STUDENT_ID") NOT DEFERRABLE INITIALLY IMMEDIATE NORELY VALIDATE;

-- ----------------------------
-- Checks structure for table USERS
-- ----------------------------
ALTER TABLE "HALFWALL"."USERS" ADD CONSTRAINT "SYS_C007524" CHECK ("USER_ID" IS NOT NULL) NOT DEFERRABLE INITIALLY IMMEDIATE NORELY VALIDATE;
ALTER TABLE "HALFWALL"."USERS" ADD CONSTRAINT "SYS_C007525" CHECK ("STUDENT_ID" IS NOT NULL) NOT DEFERRABLE INITIALLY IMMEDIATE NORELY VALIDATE;
ALTER TABLE "HALFWALL"."USERS" ADD CONSTRAINT "SYS_C007526" CHECK ("NAME" IS NOT NULL) NOT DEFERRABLE INITIALLY IMMEDIATE NORELY VALIDATE;
ALTER TABLE "HALFWALL"."USERS" ADD CONSTRAINT "SYS_C007527" CHECK ("EMAIL" IS NOT NULL) NOT DEFERRABLE INITIALLY IMMEDIATE NORELY VALIDATE;
ALTER TABLE "HALFWALL"."USERS" ADD CONSTRAINT "SYS_C007528" CHECK ("PASSWORD" IS NOT NULL) NOT DEFERRABLE INITIALLY IMMEDIATE NORELY VALIDATE;

-- ----------------------------
-- Foreign Keys structure for table FOLLOWS
-- ----------------------------
ALTER TABLE "HALFWALL"."FOLLOWS" ADD CONSTRAINT "FOLLOWS_FK1" FOREIGN KEY ("FOLLOWER_ID") REFERENCES "HALFWALL"."USERS" ("USER_ID") ON DELETE CASCADE NOT DEFERRABLE INITIALLY IMMEDIATE NORELY VALIDATE;
ALTER TABLE "HALFWALL"."FOLLOWS" ADD CONSTRAINT "FOLLOWS_FK2" FOREIGN KEY ("FOLLOWEE_ID") REFERENCES "HALFWALL"."USERS" ("USER_ID") ON DELETE CASCADE NOT DEFERRABLE INITIALLY IMMEDIATE NORELY VALIDATE;

-- ----------------------------
-- Foreign Keys structure for table FOLLOW_REQUESTS
-- ----------------------------
ALTER TABLE "HALFWALL"."FOLLOW_REQUESTS" ADD CONSTRAINT "FOLLOW_REQ_FK1" FOREIGN KEY ("FOLLOWER_ID") REFERENCES "HALFWALL"."USERS" ("USER_ID") ON DELETE CASCADE NOT DEFERRABLE INITIALLY IMMEDIATE NORELY VALIDATE;
ALTER TABLE "HALFWALL"."FOLLOW_REQUESTS" ADD CONSTRAINT "FOLLOW_REQ_FK2" FOREIGN KEY ("FOLLOWEE_ID") REFERENCES "HALFWALL"."USERS" ("USER_ID") ON DELETE CASCADE NOT DEFERRABLE INITIALLY IMMEDIATE NORELY VALIDATE;

-- ----------------------------
-- Foreign Keys structure for table GROUP_MEMBERS
-- ----------------------------
ALTER TABLE "HALFWALL"."GROUP_MEMBERS" ADD CONSTRAINT "GROUP_MEMBERS_FK1" FOREIGN KEY ("GROUP_ID") REFERENCES "HALFWALL"."GROUPS" ("GROUP_ID") ON DELETE CASCADE NOT DEFERRABLE INITIALLY IMMEDIATE NORELY VALIDATE;
ALTER TABLE "HALFWALL"."GROUP_MEMBERS" ADD CONSTRAINT "GROUP_MEMBERS_FK2" FOREIGN KEY ("USER_ID") REFERENCES "HALFWALL"."USERS" ("USER_ID") ON DELETE CASCADE NOT DEFERRABLE INITIALLY IMMEDIATE NORELY VALIDATE;

-- ----------------------------
-- Foreign Keys structure for table LIKES
-- ----------------------------
ALTER TABLE "HALFWALL"."LIKES" ADD CONSTRAINT "LIKES_PK1" FOREIGN KEY ("USER_ID") REFERENCES "HALFWALL"."USERS" ("USER_ID") ON DELETE CASCADE NOT DEFERRABLE INITIALLY IMMEDIATE NORELY VALIDATE;
ALTER TABLE "HALFWALL"."LIKES" ADD CONSTRAINT "LIKES_PK2" FOREIGN KEY ("POST_ID") REFERENCES "HALFWALL"."POSTS" ("POST_ID") ON DELETE CASCADE NOT DEFERRABLE INITIALLY IMMEDIATE NORELY VALIDATE;

-- ----------------------------
-- Foreign Keys structure for table POSTS
-- ----------------------------
ALTER TABLE "HALFWALL"."POSTS" ADD CONSTRAINT "POSTS_PK1" FOREIGN KEY ("USER_ID") REFERENCES "HALFWALL"."USERS" ("USER_ID") ON DELETE CASCADE NOT DEFERRABLE INITIALLY IMMEDIATE NORELY VALIDATE;
ALTER TABLE "HALFWALL"."POSTS" ADD CONSTRAINT "POSTS_PK2" FOREIGN KEY ("GROUP_ID") REFERENCES "HALFWALL"."GROUPS" ("GROUP_ID") ON DELETE CASCADE NOT DEFERRABLE INITIALLY IMMEDIATE NORELY VALIDATE;
